,Año,Trimestre,Provincia,Mbps (Media de bajada),Región
0,2022,4,Buenos Aires,111.0,Región Buenos Aires
1,2022,4,Capital Federal,182.86,Región AMBA
2,2022,4,Catamarca,83.33,Región NOA
3,2022,4,Chaco,104.02,Región NEA
4,2022,4,Chubut,15.92,Región Patagonia
5,2022,4,Córdoba,108.77,Región Centro
6,2022,4,Corrientes,94.72,Región NEA
7,2022,4,Entre Ríos,87.47,Región Centro
8,2022,4,Formosa,72.03,Región NEA
9,2022,4,Jujuy,39.32,Región NOA
10,2022,4,La Pampa,19.1,Región Patagonia
11,2022,4,La Rioja,61.0,Región Cuyo
12,2022,4,Mendoza,38.76,Región Cuyo
13,2022,4,Misiones,91.24,Región NEA
14,2022,4,Neuquén,95.37,Región Patagonia
15,2022,4,Río Negro,75.31,Región Patagonia
16,2022,4,Salta,75.93,Región NOA
17,2022,4,San Juan,16.39,Región Cuyo
18,2022,4,San Luis,30.67,Región Cuyo
19,2022,4,Santa Cruz,14.33,Región Patagonia
20,2022,4,Santa Fe,90.3,Región Centro
21,2022,4,Santiago Del Estero,34.4,Región NOA
22,2022,4,Tierra Del Fuego,13.48,Región Patagonia
23,2022,4,Tucumán,88.33,Región NOA
24,2022,3,Buenos Aires,70.19,Región Buenos Aires
25,2022,3,Capital Federal,101.05,Región AMBA
26,2022,3,Catamarca,60.99,Región NOA
27,2022,3,Chaco,53.21,Región NEA
28,2022,3,Chubut,15.57,Región Patagonia
29,2022,3,Córdoba,56.32,Región Centro
30,2022,3,Corrientes,45.07,Región NEA
31,2022,3,Entre Ríos,42.49,Región Centro
32,2022,3,Formosa,30.35,Región NEA
33,2022,3,Jujuy,32.43,Región NOA
34,2022,3,La Pampa,18.1,Región Patagonia
35,2022,3,La Rioja,44.3,Región Cuyo
36,2022,3,Mendoza,34.16,Región Cuyo
37,2022,3,Misiones,49.3,Región NEA
38,2022,3,Neuquén,47.81,Región Patagonia
39,2022,3,Río Negro,34.13,Región Patagonia
40,2022,3,Salta,41.33,Región NOA
41,2022,3,San Juan,15.84,Región Cuyo
42,2022,3,San Luis,19.33,Región Cuyo
43,2022,3,Santa Cruz,12.6,Región Patagonia
44,2022,3,Santa Fe,45.15,Región Centro
45,2022,3,Santiago Del Estero,17.69,Región NOA
46,2022,3,Tierra Del Fuego,11.01,Región Patagonia
47,2022,3,Tucumán,53.36,Región NOA
48,2022,2,Buenos Aires,65.5,Región Buenos Aires
49,2022,2,Capital Federal,93.97,Región AMBA
50,2022,2,Catamarca,56.56,Región NOA
51,2022,2,Chaco,50.61,Región NEA
52,2022,2,Chubut,14.91,Región Patagonia
53,2022,2,Córdoba,53.51,Región Centro
54,2022,2,Corrientes,43.31,Región NEA
55,2022,2,Entre Ríos,40.03,Región Centro
56,2022,2,Formosa,28.47,Región NEA
57,2022,2,Jujuy,29.39,Región NOA
58,2022,2,La Pampa,16.07,Región Patagonia
59,2022,2,La Rioja,43.28,Región Cuyo
60,2022,2,Mendoza,29.72,Región Cuyo
61,2022,2,Misiones,46.23,Región NEA
62,2022,2,Neuquén,46.53,Región Patagonia
63,2022,2,Río Negro,33.26,Región Patagonia
64,2022,2,Salta,38.77,Región NOA
65,2022,2,San Juan,14.44,Región Cuyo
66,2022,2,San Luis,19.32,Región Cuyo
67,2022,2,Santa Cruz,11.81,Región Patagonia
68,2022,2,Santa Fe,42.01,Región Centro
69,2022,2,Santiago Del Estero,16.34,Región NOA
70,2022,2,Tierra Del Fuego,10.97,Región Patagonia
71,2022,2,Tucumán,50.09,Región NOA
72,2022,1,Buenos Aires,62.51,Región Buenos Aires
73,2022,1,Capital Federal,88.22,Región AMBA
74,2022,1,Catamarca,51.22,Región NOA
75,2022,1,Chaco,45.84,Región NEA
76,2022,1,Chubut,13.4,Región Patagonia
77,2022,1,Córdoba,49.89,Región Centro
78,2022,1,Corrientes,38.11,Región NEA
79,2022,1,Entre Ríos,35.59,Región Centro
80,2022,1,Formosa,30.28,Región NEA
81,2022,1,Jujuy,27.69,Región NOA
82,2022,1,La Pampa,14.84,Región Patagonia
83,2022,1,La Rioja,41.37,Región Cuyo
84,2022,1,Mendoza,26.2,Región Cuyo
85,2022,1,Misiones,41.87,Región NEA
86,2022,1,Neuquén,43.05,Región Patagonia
87,2022,1,Río Negro,31.09,Región Patagonia
88,2022,1,Salta,36.71,Región NOA
89,2022,1,San Juan,11.99,Región Cuyo
90,2022,1,San Luis,20.95,Región Cuyo
91,2022,1,Santa Cruz,10.89,Región Patagonia
92,2022,1,Santa Fe,38.89,Región Centro
93,2022,1,Santiago Del Estero,14.5,Región NOA
94,2022,1,Tierra Del Fuego,10.73,Región Patagonia
95,2022,1,Tucumán,47.24,Región NOA
96,2021,4,Buenos Aires,60.2091238315554,Región Buenos Aires
97,2021,4,Capital Federal,82.94995496542248,Región AMBA
98,2021,4,Catamarca,46.380057758939095,Región NOA
99,2021,4,Chaco,42.342637514688604,Región NEA
100,2021,4,Chubut,9.082660638555467,Región Patagonia
101,2021,4,Córdoba,46.36090745799214,Región Centro
102,2021,4,Corrientes,35.772659194287044,Región NEA
103,2021,4,Entre Ríos,33.31712584167462,Región Centro
104,2021,4,Formosa,28.75764894769421,Región NEA
105,2021,4,Jujuy,27.144343038417077,Región NOA
106,2021,4,La Pampa,13.853882842854395,Región Patagonia
107,2021,4,La Rioja,39.69594513667998,Región Cuyo
108,2021,4,Mendoza,22.23158340100516,Región Cuyo
109,2021,4,Misiones,38.903349250907574,Región NEA
110,2021,4,Neuquén,40.092530111167584,Región Patagonia
111,2021,4,Río Negro,27.20317045489215,Región Patagonia
112,2021,4,Salta,33.940639744985226,Región NOA
113,2021,4,San Juan,11.052749308157779,Región Cuyo
114,2021,4,San Luis,20.90972444801464,Región Cuyo
115,2021,4,Santa Cruz,8.990650984477549,Región Patagonia
116,2021,4,Santa Fe,36.024023837275145,Región Centro
117,2021,4,Santiago Del Estero,13.84088684951507,Región NOA
118,2021,4,Tierra Del Fuego,10.696704944050465,Región Patagonia
119,2021,4,Tucumán,45.14812243339947,Región NOA
120,2021,3,Buenos Aires,56.25755092469591,Región Buenos Aires
121,2021,3,Capital Federal,77.71207106907312,Región AMBA
122,2021,3,Catamarca,43.43333599763174,Región NOA
123,2021,3,Chaco,39.113135809207584,Región NEA
124,2021,3,Chubut,8.176860363136605,Región Patagonia
125,2021,3,Córdoba,41.92778724566202,Región Centro
126,2021,3,Corrientes,32.16890082785829,Región NEA
127,2021,3,Entre Ríos,29.60123187949277,Región Centro
128,2021,3,Formosa,26.689426784946654,Región NEA
129,2021,3,Jujuy,25.980702520297545,Región NOA
130,2021,3,La Pampa,12.99161507240359,Región Patagonia
131,2021,3,La Rioja,38.86795185445044,Región Cuyo
132,2021,3,Mendoza,13.365156173184467,Región Cuyo
133,2021,3,Misiones,30.87871831426499,Región NEA
134,2021,3,Neuquén,38.34222315428742,Región Patagonia
135,2021,3,Río Negro,25.400065197148727,Región Patagonia
136,2021,3,Salta,31.209681857038827,Región NOA
137,2021,3,San Juan,7.041300820394967,Región Cuyo
138,2021,3,San Luis,21.69870707116376,Región Cuyo
139,2021,3,Santa Cruz,7.692326941812981,Región Patagonia
140,2021,3,Santa Fe,33.13229624738131,Región Centro
141,2021,3,Santiago Del Estero,13.352723533519553,Región NOA
142,2021,3,Tierra Del Fuego,9.52,Región Patagonia
143,2021,3,Tucumán,42.10118530571482,Región NOA
144,2021,2,Buenos Aires,52.75542937003713,Región Buenos Aires
145,2021,2,Capital Federal,72.74675003231476,Región AMBA
146,2021,2,Catamarca,42.18506376779111,Región NOA
147,2021,2,Chaco,37.396909596222066,Región NEA
148,2021,2,Chubut,7.67690621713348,Región Patagonia
149,2021,2,Córdoba,39.59011648994794,Región Centro
150,2021,2,Corrientes,30.368054802005656,Región NEA
151,2021,2,Entre Ríos,27.61897306203556,Región Centro
152,2021,2,Formosa,23.96630452806761,Región NEA
153,2021,2,Jujuy,25.812477856862227,Región NOA
154,2021,2,La Pampa,12.27922373804818,Región Patagonia
155,2021,2,La Rioja,38.534894383007746,Región Cuyo
156,2021,2,Mendoza,13.465987205003026,Región Cuyo
157,2021,2,Misiones,28.682221735396933,Región NEA
158,2021,2,Neuquén,36.10972145846688,Región Patagonia
159,2021,2,Río Negro,23.748446681442676,Región Patagonia
160,2021,2,Salta,29.239354220742428,Región NOA
161,2021,2,San Juan,6.993162601626016,Región Cuyo
162,2021,2,San Luis,21.66188998963924,Región Cuyo
163,2021,2,Santa Cruz,7.629667005202396,Región Patagonia
164,2021,2,Santa Fe,30.7018831645519,Región Centro
165,2021,2,Santiago Del Estero,12.718797838683303,Región NOA
166,2021,2,Tierra Del Fuego,8.591921426483484,Región Patagonia
167,2021,2,Tucumán,40.30992032851357,Región NOA
168,2021,1,Buenos Aires,50.78565608506508,Región Buenos Aires
169,2021,1,Capital Federal,68.29026886796898,Región AMBA
170,2021,1,Catamarca,39.96652623965282,Región NOA
171,2021,1,Chaco,33.6262012999863,Región NEA
172,2021,1,Chubut,7.531527409144197,Región Patagonia
173,2021,1,Córdoba,36.168799328437636,Región Centro
174,2021,1,Corrientes,25.985171359720066,Región NEA
175,2021,1,Entre Ríos,23.871334373183572,Región Centro
176,2021,1,Formosa,20.980327506975218,Región NEA
177,2021,1,Jujuy,26.777362312404005,Región NOA
178,2021,1,La Pampa,10.728511929531797,Región Patagonia
179,2021,1,La Rioja,12.697554732181876,Región Cuyo
180,2021,1,Mendoza,12.599361245254226,Región Cuyo
181,2021,1,Misiones,25.076826126081443,Región NEA
182,2021,1,Neuquén,34.23850264753642,Región Patagonia
183,2021,1,Río Negro,21.923906760830956,Región Patagonia
184,2021,1,Salta,27.31884069404982,Región NOA
185,2021,1,San Juan,6.910089995382067,Región Cuyo
186,2021,1,San Luis,21.594379804710776,Región Cuyo
187,2021,1,Santa Cruz,7.501531847531764,Región Patagonia
188,2021,1,Santa Fe,28.130630073152936,Región Centro
189,2021,1,Santiago Del Estero,11.584174516498134,Región NOA
190,2021,1,Tierra Del Fuego,8.734752396277898,Región Patagonia
191,2021,1,Tucumán,37.97961958190828,Región NOA
192,2020,4,Buenos Aires,50.008380839635755,Región Buenos Aires
193,2020,4,Capital Federal,67.32513676879374,Región AMBA
194,2020,4,Catamarca,37.6500877273544,Región NOA
195,2020,4,Chaco,32.45204676418101,Región NEA
196,2020,4,Chubut,7.383087626414736,Región Patagonia
197,2020,4,Córdoba,35.120601241883946,Región Centro
198,2020,4,Corrientes,25.446700896630592,Región NEA
199,2020,4,Entre Ríos,24.05327825306045,Región Centro
200,2020,4,Formosa,19.6983490087788,Región NEA
201,2020,4,Jujuy,25.20639328416149,Región NOA
202,2020,4,La Pampa,9.875605170860927,Región Patagonia
203,2020,4,La Rioja,12.534655980598345,Región Cuyo
204,2020,4,Mendoza,11.093171319457166,Región Cuyo
205,2020,4,Misiones,24.956617779680364,Región NEA
206,2020,4,Neuquén,33.90786486677393,Región Patagonia
207,2020,4,Río Negro,21.636719189849995,Región Patagonia
208,2020,4,Salta,25.322439650744734,Región NOA
209,2020,4,San Juan,6.412867397953183,Región Cuyo
210,2020,4,San Luis,21.252954082189127,Región Cuyo
211,2020,4,Santa Cruz,7.492108628119051,Región Patagonia
212,2020,4,Santa Fe,27.294352446215623,Región Centro
213,2020,4,Santiago Del Estero,11.280765527511996,Región NOA
214,2020,4,Tierra Del Fuego,8.486806949337868,Región Patagonia
215,2020,4,Tucumán,36.442246829152964,Región NOA
216,2020,3,Buenos Aires,48.37662390811511,Región Buenos Aires
217,2020,3,Capital Federal,63.80852025607172,Región AMBA
218,2020,3,Catamarca,36.540436607329845,Región NOA
219,2020,3,Chaco,30.802726948564217,Región NEA
220,2020,3,Chubut,7.402074441844787,Región Patagonia
221,2020,3,Córdoba,33.51119497419789,Región Centro
222,2020,3,Corrientes,23.851523971242955,Región NEA
223,2020,3,Entre Ríos,22.432598646206184,Región Centro
224,2020,3,Formosa,18.282832069430402,Región NEA
225,2020,3,Jujuy,21.910419686869954,Región NOA
226,2020,3,La Pampa,10.697630905402091,Región Patagonia
227,2020,3,La Rioja,12.194703767058197,Región Cuyo
228,2020,3,Mendoza,10.18749103459563,Región Cuyo
229,2020,3,Misiones,24.141761872521517,Región NEA
230,2020,3,Neuquén,31.46090402703376,Región Patagonia
231,2020,3,Río Negro,21.077778703258762,Región Patagonia
232,2020,3,Salta,25.261155924027737,Región NOA
233,2020,3,San Juan,6.027864793582682,Región Cuyo
234,2020,3,San Luis,20.84992813378867,Región Cuyo
235,2020,3,Santa Cruz,6.649363712026633,Región Patagonia
236,2020,3,Santa Fe,25.690941341268072,Región Centro
237,2020,3,Santiago Del Estero,10.879017270659741,Región NOA
238,2020,3,Tierra Del Fuego,8.506676055475614,Región Patagonia
239,2020,3,Tucumán,34.835801698615526,Región NOA
240,2020,2,Buenos Aires,45.66197363212277,Región Buenos Aires
241,2020,2,Capital Federal,60.4844973584038,Región AMBA
242,2020,2,Catamarca,34.92595642857143,Región NOA
243,2020,2,Chaco,27.952284674364286,Región NEA
244,2020,2,Chubut,7.605487984559083,Región Patagonia
245,2020,2,Córdoba,30.987577637139466,Región Centro
246,2020,2,Corrientes,22.15030606257576,Región NEA
247,2020,2,Entre Ríos,20.448621178442586,Región Centro
248,2020,2,Formosa,16.870258993114398,Región NEA
249,2020,2,Jujuy,15.864013631862552,Región NOA
250,2020,2,La Pampa,8.028862255598405,Región Patagonia
251,2020,2,La Rioja,11.669110961977259,Región Cuyo
252,2020,2,Mendoza,9.274562732094155,Región Cuyo
253,2020,2,Misiones,22.560122617583183,Región NEA
254,2020,2,Neuquén,29.100147623878513,Región Patagonia
255,2020,2,Río Negro,19.679596047283173,Región Patagonia
256,2020,2,Salta,22.55853618795662,Región NOA
257,2020,2,San Juan,6.308614963196474,Región Cuyo
258,2020,2,San Luis,21.02062693689071,Región Cuyo
259,2020,2,Santa Cruz,6.593202418178028,Región Patagonia
260,2020,2,Santa Fe,23.925791608984095,Región Centro
261,2020,2,Santiago Del Estero,10.411619106122004,Región NOA
262,2020,2,Tierra Del Fuego,8.128329395457266,Región Patagonia
263,2020,2,Tucumán,32.70453443718797,Región NOA
264,2020,1,Buenos Aires,45.18128807375552,Región Buenos Aires
265,2020,1,Capital Federal,58.70568296242247,Región AMBA
266,2020,1,Catamarca,29.132225012939607,Región NOA
267,2020,1,Chaco,25.942049334121737,Región NEA
268,2020,1,Chubut,7.117047781865397,Región Patagonia
269,2020,1,Córdoba,29.394787835061326,Región Centro
270,2020,1,Corrientes,20.538999274943325,Región NEA
271,2020,1,Entre Ríos,19.029765335057498,Región Centro
272,2020,1,Formosa,15.697352607415109,Región NEA
273,2020,1,Jujuy,14.14492205715465,Región NOA
274,2020,1,La Pampa,7.291757720474826,Región Patagonia
275,2020,1,La Rioja,7.962418947150687,Región Cuyo
276,2020,1,Mendoza,8.440867710216997,Región Cuyo
277,2020,1,Misiones,22.148213068436263,Región NEA
278,2020,1,Neuquén,27.76828207897622,Región Patagonia
279,2020,1,Río Negro,19.06030056406124,Región Patagonia
280,2020,1,Salta,21.425047243902736,Región NOA
281,2020,1,San Juan,6.036984591484099,Región Cuyo
282,2020,1,San Luis,20.989379744282658,Región Cuyo
283,2020,1,Santa Cruz,6.417170627364028,Región Patagonia
284,2020,1,Santa Fe,22.42405677003625,Región Centro
285,2020,1,Santiago Del Estero,10.00053908049476,Región NOA
286,2020,1,Tierra Del Fuego,7.410865837696335,Región Patagonia
287,2020,1,Tucumán,32.24553094303289,Región NOA
288,2019,4,Buenos Aires,30.769694141005864,Región Buenos Aires
289,2019,4,Capital Federal,44.203178670085876,Región AMBA
290,2019,4,Catamarca,24.878307670462615,Región NOA
291,2019,4,Chaco,23.37495080016229,Región NEA
292,2019,4,Chubut,6.994113523445059,Región Patagonia
293,2019,4,Córdoba,26.16228061451293,Región Centro
294,2019,4,Corrientes,19.255411607971407,Región NEA
295,2019,4,Entre Ríos,17.007580897657125,Región Centro
296,2019,4,Formosa,14.525629551519327,Región NEA
297,2019,4,Jujuy,12.959200042804211,Región NOA
298,2019,4,La Pampa,6.526152195693043,Región Patagonia
299,2019,4,La Rioja,8.000880364029628,Región Cuyo
300,2019,4,Mendoza,7.785200889987086,Región Cuyo
301,2019,4,Misiones,20.32034743574273,Región NEA
302,2019,4,Neuquén,26.01988431478295,Región Patagonia
303,2019,4,Río Negro,17.17699897385603,Región Patagonia
304,2019,4,Salta,19.08357302283381,Región NOA
305,2019,4,San Juan,6.040171698468491,Región Cuyo
306,2019,4,San Luis,20.690353422143115,Región Cuyo
307,2019,4,Santa Cruz,5.207925064069708,Región Patagonia
308,2019,4,Santa Fe,20.54719701980728,Región Centro
309,2019,4,Santiago Del Estero,9.792201844355846,Región NOA
310,2019,4,Tierra Del Fuego,7.27,Región Patagonia
311,2019,4,Tucumán,29.87038932431276,Región NOA
312,2019,3,Buenos Aires,25.679380143834067,Región Buenos Aires
313,2019,3,Capital Federal,38.71410056071139,Región AMBA
314,2019,3,Catamarca,9.293407429459826,Región NOA
315,2019,3,Chaco,19.994668122685404,Región NEA
316,2019,3,Chubut,6.966323588474291,Región Patagonia
317,2019,3,Córdoba,23.193402364939846,Región Centro
318,2019,3,Corrientes,16.69992255090861,Región NEA
319,2019,3,Entre Ríos,14.69513286650061,Región Centro
320,2019,3,Formosa,13.22353748406198,Región NEA
321,2019,3,Jujuy,11.968240929924347,Región NOA
322,2019,3,La Pampa,5.719666464891041,Región Patagonia
323,2019,3,La Rioja,8.002375296912113,Región Cuyo
324,2019,3,Mendoza,6.10822854552147,Región Cuyo
325,2019,3,Misiones,17.931522461372833,Región NEA
326,2019,3,Neuquén,23.74841515996666,Región Patagonia
327,2019,3,Río Negro,15.983718503999242,Región Patagonia
328,2019,3,Salta,14.746465244455523,Región NOA
329,2019,3,San Juan,6.038229508650902,Región Cuyo
330,2019,3,San Luis,19.743826982349614,Región Cuyo
331,2019,3,Santa Cruz,5.017746940956451,Región Patagonia
332,2019,3,Santa Fe,18.165529686687883,Región Centro
333,2019,3,Santiago Del Estero,9.389413131426359,Región NOA
334,2019,3,Tierra Del Fuego,6.690701380143412,Región Patagonia
335,2019,3,Tucumán,19.323994794580525,Región NOA
336,2019,2,Buenos Aires,22.480046018557395,Región Buenos Aires
337,2019,2,Capital Federal,30.346259857091994,Región AMBA
338,2019,2,Catamarca,8.81,Región NOA
339,2019,2,Chaco,16.01024333099657,Región NEA
340,2019,2,Chubut,6.054406893543786,Región Patagonia
341,2019,2,Córdoba,18.43151783191278,Región Centro
342,2019,2,Corrientes,13.833035083816176,Región NEA
343,2019,2,Entre Ríos,12.193357817950574,Región Centro
344,2019,2,Formosa,10.836611219480826,Región NEA
345,2019,2,Jujuy,12.073382280507326,Región NOA
346,2019,2,La Pampa,5.492288321417966,Región Patagonia
347,2019,2,La Rioja,7.894163486005089,Región Cuyo
348,2019,2,Mendoza,6.02629690452623,Región Cuyo
349,2019,2,Misiones,14.50130254739236,Región NEA
350,2019,2,Neuquén,17.242865250195976,Región Patagonia
351,2019,2,Río Negro,11.628050204319907,Región Patagonia
352,2019,2,Salta,12.548748750601563,Región NOA
353,2019,2,San Juan,6.118522013069041,Región Cuyo
354,2019,2,San Luis,19.875972848399364,Región Cuyo
355,2019,2,Santa Cruz,6.008047317560813,Región Patagonia
356,2019,2,Santa Fe,15.074549058890282,Región Centro
357,2019,2,Santiago Del Estero,7.103112882966522,Región NOA
358,2019,2,Tierra Del Fuego,6.34,Región Patagonia
359,2019,2,Tucumán,18.529317885920335,Región NOA
360,2019,1,Buenos Aires,19.643958224230506,Región Buenos Aires
361,2019,1,Capital Federal,24.715063293849774,Región AMBA
362,2019,1,Catamarca,7.964005155271879,Región NOA
363,2019,1,Chaco,13.444236269077935,Región NEA
364,2019,1,Chubut,5.891730569196159,Región Patagonia
365,2019,1,Córdoba,15.73486422864591,Región Centro
366,2019,1,Corrientes,12.049695550812029,Región NEA
367,2019,1,Entre Ríos,10.659197328953976,Región Centro
368,2019,1,Formosa,9.825089957835713,Región NEA
369,2019,1,Jujuy,8.560464217465055,Región NOA
370,2019,1,La Pampa,5.057861842867403,Región Patagonia
371,2019,1,La Rioja,7.092792286992043,Región Cuyo
372,2019,1,Mendoza,5.742764175317399,Región Cuyo
373,2019,1,Misiones,12.512773459683503,Región NEA
374,2019,1,Neuquén,15.884653263915219,Región Patagonia
375,2019,1,Río Negro,10.488420648136287,Región Patagonia
376,2019,1,Salta,10.377100013969459,Región NOA
377,2019,1,San Juan,5.839263189429536,Región Cuyo
378,2019,1,San Luis,8.708555188754593,Región Cuyo
379,2019,1,Santa Cruz,5.779992970397563,Región Patagonia
380,2019,1,Santa Fe,12.986963477266004,Región Centro
381,2019,1,Santiago Del Estero,6.415070737969083,Región NOA
382,2019,1,Tierra Del Fuego,6.341101450612301,Región Patagonia
383,2019,1,Tucumán,16.573299964579572,Región NOA
384,2018,4,Buenos Aires,16.934363010150058,Región Buenos Aires
385,2018,4,Capital Federal,22.93530199223472,Región AMBA
386,2018,4,Catamarca,8.043920202659912,Región NOA
387,2018,4,Chaco,13.492083570210347,Región NEA
388,2018,4,Chubut,6.085223903684034,Región Patagonia
389,2018,4,Córdoba,15.813667433629776,Región Centro
390,2018,4,Corrientes,12.138923393387724,Región NEA
391,2018,4,Entre Ríos,11.023282490376955,Región Centro
392,2018,4,Formosa,9.816893711913803,Región NEA
393,2018,4,Jujuy,8.562737601752614,Región NOA
394,2018,4,La Pampa,4.319094957943483,Región Patagonia
395,2018,4,La Rioja,7.0933821251548945,Región Cuyo
396,2018,4,Mendoza,5.746675102434321,Región Cuyo
397,2018,4,Misiones,12.495112674155788,Región NEA
398,2018,4,Neuquén,15.89123364607043,Región Patagonia
399,2018,4,Río Negro,10.487005565275494,Región Patagonia
400,2018,4,Salta,10.45728408913591,Región NOA
401,2018,4,San Juan,5.715266539357845,Región Cuyo
402,2018,4,San Luis,8.818992791900516,Región Cuyo
403,2018,4,Santa Cruz,5.1195073647728675,Región Patagonia
404,2018,4,Santa Fe,13.179234899969483,Región Centro
405,2018,4,Santiago Del Estero,6.309255243851745,Región NOA
406,2018,4,Tierra Del Fuego,7.436562008214025,Región Patagonia
407,2018,4,Tucumán,16.58323444553027,Región NOA
408,2018,3,Buenos Aires,16.77973513236217,Región Buenos Aires
409,2018,3,Capital Federal,21.643368364061413,Región AMBA
410,2018,3,Catamarca,7.806521941530631,Región NOA
411,2018,3,Chaco,12.89496189060927,Región NEA
412,2018,3,Chubut,6.076722322942862,Región Patagonia
413,2018,3,Córdoba,14.8182495375679,Región Centro
414,2018,3,Corrientes,11.493228365457123,Región NEA
415,2018,3,Entre Ríos,10.524753506287304,Región Centro
416,2018,3,Formosa,9.318495441068285,Región NEA
417,2018,3,Jujuy,7.669872151814152,Región NOA
418,2018,3,La Pampa,4.283048376167659,Región Patagonia
419,2018,3,La Rioja,6.156013225626096,Región Cuyo
420,2018,3,Mendoza,5.786015677158131,Región Cuyo
421,2018,3,Misiones,12.487485758721087,Región NEA
422,2018,3,Neuquén,14.674244286624784,Región Patagonia
423,2018,3,Río Negro,10.06446008106754,Región Patagonia
424,2018,3,Salta,9.265848177562406,Región NOA
425,2018,3,San Juan,5.738204725877363,Región Cuyo
426,2018,3,San Luis,8.814987579354126,Región Cuyo
427,2018,3,Santa Cruz,5.369715716600383,Región Patagonia
428,2018,3,Santa Fe,12.357326043488575,Región Centro
429,2018,3,Santiago Del Estero,5.779842512369051,Región NOA
430,2018,3,Tierra Del Fuego,5.98788374717833,Región Patagonia
431,2018,3,Tucumán,15.255950362488306,Región NOA
432,2018,2,Buenos Aires,14.679375512175804,Región Buenos Aires
433,2018,2,Capital Federal,18.93813458927817,Región AMBA
434,2018,2,Catamarca,7.693096507452943,Región NOA
435,2018,2,Chaco,12.499460181995785,Región NEA
436,2018,2,Chubut,5.329857730598913,Región Patagonia
437,2018,2,Córdoba,13.876809406349514,Región Centro
438,2018,2,Corrientes,10.87765289559918,Región NEA
439,2018,2,Entre Ríos,10.186702751759963,Región Centro
440,2018,2,Formosa,8.974986530777175,Región NEA
441,2018,2,Jujuy,6.289345589213642,Región NOA
442,2018,2,La Pampa,4.098364171057469,Región Patagonia
443,2018,2,La Rioja,5.591861584368082,Región Cuyo
444,2018,2,Mendoza,5.880529663045039,Región Cuyo
445,2018,2,Misiones,11.759657402552001,Región NEA
446,2018,2,Neuquén,13.365011560107956,Región Patagonia
447,2018,2,Río Negro,9.509595114373948,Región Patagonia
448,2018,2,Salta,8.928271706442677,Región NOA
449,2018,2,San Juan,5.845597830692315,Región Cuyo
450,2018,2,San Luis,5.9005751848808545,Región Cuyo
451,2018,2,Santa Cruz,5.1892899508557875,Región Patagonia
452,2018,2,Santa Fe,11.74888462281756,Región Centro
453,2018,2,Santiago Del Estero,5.9110016469983835,Región NOA
454,2018,2,Tierra Del Fuego,5.942745057375916,Región Patagonia
455,2018,2,Tucumán,13.506545729627103,Región NOA
456,2018,1,Buenos Aires,14.198889644680946,Región Buenos Aires
457,2018,1,Capital Federal,17.74557730418008,Región AMBA
458,2018,1,Catamarca,8.198860528714677,Región NOA
459,2018,1,Chaco,12.444064678644967,Región NEA
460,2018,1,Chubut,5.418637938827784,Región Patagonia
461,2018,1,Córdoba,12.790571217400485,Región Centro
462,2018,1,Corrientes,11.118502865253635,Región NEA
463,2018,1,Entre Ríos,9.875239366998759,Región Centro
464,2018,1,Formosa,11.056815367469506,Región NEA
465,2018,1,Jujuy,6.741185879384532,Región NOA
466,2018,1,La Pampa,3.995131352064104,Región Patagonia
467,2018,1,La Rioja,5.890820604111634,Región Cuyo
468,2018,1,Mendoza,5.881626969169374,Región Cuyo
469,2018,1,Misiones,12.082189465143012,Región NEA
470,2018,1,Neuquén,11.96045995607415,Región Patagonia
471,2018,1,Río Negro,8.976243194361576,Región Patagonia
472,2018,1,Salta,9.1894409821995,Región NOA
473,2018,1,San Juan,5.850581035549749,Región Cuyo
474,2018,1,San Luis,5.89436270457927,Región Cuyo
475,2018,1,Santa Cruz,5.1892899508557875,Región Patagonia
476,2018,1,Santa Fe,11.173305005746002,Región Centro
477,2018,1,Santiago Del Estero,6.248210722163038,Región NOA
478,2018,1,Tierra Del Fuego,5.768082036032884,Región Patagonia
479,2018,1,Tucumán,9.355631684806106,Región NOA
480,2017,4,Buenos Aires,12.9720825438982,Región Buenos Aires
481,2017,4,Capital Federal,15.20221886916041,Región AMBA
482,2017,4,Catamarca,7.78415435139573,Región NOA
483,2017,4,Chaco,11.702868121959403,Región NEA
484,2017,4,Chubut,5.408238076890145,Región Patagonia
485,2017,4,Córdoba,11.63658470115664,Región Centro
486,2017,4,Corrientes,10.384400430891967,Región NEA
487,2017,4,Entre Ríos,9.295960619999066,Región Centro
488,2017,4,Formosa,10.114170463766307,Región NEA
489,2017,4,Jujuy,6.638821273566491,Región NOA
490,2017,4,La Pampa,3.9758194449815036,Región Patagonia
491,2017,4,La Rioja,5.877588849506658,Región Cuyo
492,2017,4,Mendoza,5.71002586675844,Región Cuyo
493,2017,4,Misiones,11.324123723249613,Región NEA
494,2017,4,Neuquén,10.719151524540269,Región Patagonia
495,2017,4,Río Negro,8.045522324672751,Región Patagonia
496,2017,4,Salta,8.451742767775633,Región NOA
497,2017,4,San Juan,5.832260073010133,Región Cuyo
498,2017,4,San Luis,5.732208801354054,Región Cuyo
499,2017,4,Santa Cruz,5.206584828874508,Región Patagonia
500,2017,4,Santa Fe,10.297494601847182,Región Centro
501,2017,4,Santiago Del Estero,6.165600214985038,Región NOA
502,2017,4,Tierra Del Fuego,5.203225704536838,Región Patagonia
503,2017,4,Tucumán,9.106021307187058,Región NOA
504,2017,3,Buenos Aires,8.425706211853651,Región Buenos Aires
505,2017,3,Capital Federal,10.635720274073307,Región AMBA
506,2017,3,Catamarca,5.260018066713561,Región NOA
507,2017,3,Chaco,8.484871287555498,Región NEA
508,2017,3,Chubut,3.4783469156690874,Región Patagonia
509,2017,3,Córdoba,9.115572873049981,Región Centro
510,2017,3,Corrientes,7.447416428085263,Región NEA
511,2017,3,Entre Ríos,6.993400639349653,Región Centro
512,2017,3,Formosa,7.06882153411281,Región NEA
513,2017,3,Jujuy,4.689006725369201,Región NOA
514,2017,3,La Pampa,3.4381011143320657,Región Patagonia
515,2017,3,La Rioja,5.010090208766659,Región Cuyo
516,2017,3,Mendoza,3.512962661663036,Región Cuyo
517,2017,3,Misiones,8.430383025286991,Región NEA
518,2017,3,Neuquén,8.16517738570226,Región Patagonia
519,2017,3,Río Negro,5.487278804673885,Región Patagonia
520,2017,3,Salta,6.133146206896552,Región NOA
521,2017,3,San Juan,3.4497842064911834,Región Cuyo
522,2017,3,San Luis,3.50338739319684,Región Cuyo
523,2017,3,Santa Cruz,3.610470505758638,Región Patagonia
524,2017,3,Santa Fe,7.792215148399743,Región Centro
525,2017,3,Santiago Del Estero,5.178558078335373,Región NOA
526,2017,3,Tierra Del Fuego,3.475358271865121,Región Patagonia
527,2017,3,Tucumán,6.3851768015553985,Región NOA
528,2017,2,Buenos Aires,7.198747751887984,Región Buenos Aires
529,2017,2,Capital Federal,8.843219830788254,Región AMBA
530,2017,2,Catamarca,5.102182825899711,Región NOA
531,2017,2,Chaco,7.689213433544128,Región NEA
532,2017,2,Chubut,3.44726909222351,Región Patagonia
533,2017,2,Córdoba,7.421321799076774,Región Centro
534,2017,2,Corrientes,6.7915804826070545,Región NEA
535,2017,2,Entre Ríos,6.287810106292773,Región Centro
536,2017,2,Formosa,6.1786533146404965,Región NEA
537,2017,2,Jujuy,4.541861878194008,Región NOA
538,2017,2,La Pampa,3.3182593614961053,Región Patagonia
539,2017,2,La Rioja,5.53385510805501,Región Cuyo
540,2017,2,Mendoza,3.507255863215121,Región Cuyo
541,2017,2,Misiones,7.604338490520663,Región NEA
542,2017,2,Neuquén,6.700610698446883,Región Patagonia
543,2017,2,Río Negro,4.741350857381452,Región Patagonia
544,2017,2,Salta,5.756213134839845,Región NOA
545,2017,2,San Juan,3.4920338095238095,Región Cuyo
546,2017,2,San Luis,3.502824149975052,Región Cuyo
547,2017,2,Santa Cruz,3.60311348968991,Región Patagonia
548,2017,2,Santa Fe,6.838749250446204,Región Centro
549,2017,2,Santiago Del Estero,5.05794740805446,Región NOA
550,2017,2,Tierra Del Fuego,3.476761467376085,Región Patagonia
551,2017,2,Tucumán,6.093280445624717,Región NOA
552,2017,1,Buenos Aires,6.678482577091709,Región Buenos Aires
553,2017,1,Capital Federal,8.348147316695423,Región AMBA
554,2017,1,Catamarca,4.973784837545127,Región NOA
555,2017,1,Chaco,7.307905398272823,Región NEA
556,2017,1,Chubut,3.4433862008733622,Región Patagonia
557,2017,1,Córdoba,6.799477637369997,Región Centro
558,2017,1,Corrientes,6.43297127701597,Región NEA
559,2017,1,Entre Ríos,5.9514745757075245,Región Centro
560,2017,1,Formosa,5.742388931901572,Región NEA
561,2017,1,Jujuy,4.393861259634748,Región NOA
562,2017,1,La Pampa,3.2208135842183347,Región Patagonia
563,2017,1,La Rioja,5.427180473372781,Región Cuyo
564,2017,1,Mendoza,3.5072942051440963,Región Cuyo
565,2017,1,Misiones,7.341041988916319,Región NEA
566,2017,1,Neuquén,6.0348361444213925,Región Patagonia
567,2017,1,Río Negro,4.449448877971685,Región Patagonia
568,2017,1,Salta,5.335371217821875,Región NOA
569,2017,1,San Juan,3.492435161246428,Región Cuyo
570,2017,1,San Luis,3.502824149975052,Región Cuyo
571,2017,1,Santa Cruz,3.591930075636318,Región Patagonia
572,2017,1,Santa Fe,6.284036486892411,Región Centro
573,2017,1,Santiago Del Estero,4.948965833284994,Región NOA
574,2017,1,Tierra Del Fuego,3.476761467376085,Región Patagonia
575,2017,1,Tucumán,5.8755073256955805,Región NOA
576,2016,4,Buenos Aires,6.3515464502603125,Región Buenos Aires
577,2016,4,Capital Federal,7.957596242752894,Región AMBA
578,2016,4,Catamarca,4.885711305119858,Región NOA
579,2016,4,Chaco,7.077531005919823,Región NEA
580,2016,4,Chubut,3.4071912914448172,Región Patagonia
581,2016,4,Córdoba,6.4667403639056085,Región Centro
582,2016,4,Corrientes,6.236245604077509,Región NEA
583,2016,4,Entre Ríos,5.807350829127614,Región Centro
584,2016,4,Formosa,5.630674164916322,Región NEA
585,2016,4,Jujuy,4.323962745742035,Región NOA
586,2016,4,La Pampa,3.1895597297497957,Región Patagonia
587,2016,4,La Rioja,5.3437624272142195,Región Cuyo
588,2016,4,Mendoza,3.5066034697453756,Región Cuyo
589,2016,4,Misiones,7.1094758091013635,Región NEA
590,2016,4,Neuquén,5.678446306542373,Región Patagonia
591,2016,4,Río Negro,4.369930463165329,Región Patagonia
592,2016,4,Salta,5.220883577846971,Región NOA
593,2016,4,San Juan,3.491135554044867,Región Cuyo
594,2016,4,San Luis,3.502824149975052,Región Cuyo
595,2016,4,Santa Cruz,3.5639164089588604,Región Patagonia
596,2016,4,Santa Fe,6.0402333289406664,Región Centro
597,2016,4,Santiago Del Estero,4.866794431448622,Región NOA
598,2016,4,Tierra Del Fuego,3.476761467376085,Región Patagonia
599,2016,4,Tucumán,5.7277669342021085,Región NOA
600,2016,3,Buenos Aires,5.914918008163684,Región Buenos Aires
601,2016,3,Capital Federal,7.380172699207805,Región AMBA
602,2016,3,Catamarca,4.725241179958494,Región NOA
603,2016,3,Chaco,6.718220363245951,Región NEA
604,2016,3,Chubut,3.3438663279846357,Región Patagonia
605,2016,3,Córdoba,6.068526923518407,Región Centro
606,2016,3,Corrientes,5.958192561066714,Región NEA
607,2016,3,Entre Ríos,5.586427488329489,Región Centro
608,2016,3,Formosa,5.4161310069990956,Región NEA
609,2016,3,Jujuy,4.215291130909006,Región NOA
610,2016,3,La Pampa,3.1449984261882276,Región Patagonia
611,2016,3,La Rioja,5.076731739002066,Región Cuyo
612,2016,3,Mendoza,3.50729080145311,Región Cuyo
613,2016,3,Misiones,6.741222269842242,Región NEA
614,2016,3,Neuquén,5.292166864731292,Región Patagonia
615,2016,3,Río Negro,4.162924282482748,Región Patagonia
616,2016,3,Salta,5.052874436550483,Región NOA
617,2016,3,San Juan,3.4890674462877342,Región Cuyo
618,2016,3,San Luis,3.5030237740401673,Región Cuyo
619,2016,3,Santa Cruz,3.53583356483625,Región Patagonia
620,2016,3,Santa Fe,5.6772637615647845,Región Centro
621,2016,3,Santiago Del Estero,4.670123087013555,Región NOA
622,2016,3,Tierra Del Fuego,3.4765453774624797,Región Patagonia
623,2016,3,Tucumán,5.544683260191403,Región NOA
624,2016,2,Buenos Aires,5.415144367004824,Región Buenos Aires
625,2016,2,Capital Federal,6.576218932459292,Región AMBA
626,2016,2,Catamarca,4.3648359645166135,Región NOA
627,2016,2,Chaco,6.297357510958081,Región NEA
628,2016,2,Chubut,3.335973498985547,Región Patagonia
629,2016,2,Córdoba,5.516912823002807,Región Centro
630,2016,2,Corrientes,5.601822569524247,Región NEA
631,2016,2,Entre Ríos,5.1311427833012475,Región Centro
632,2016,2,Formosa,5.104132195866278,Región NEA
633,2016,2,Jujuy,3.843353043958065,Región NOA
634,2016,2,La Pampa,3.146067806525381,Región Patagonia
635,2016,2,La Rioja,4.773843067001075,Región Cuyo
636,2016,2,Mendoza,3.500168567871608,Región Cuyo
637,2016,2,Misiones,6.233660566754793,Región NEA
638,2016,2,Neuquén,4.86640695565863,Región Patagonia
639,2016,2,Río Negro,3.976616411905147,Región Patagonia
640,2016,2,Salta,4.749378935322928,Región NOA
641,2016,2,San Juan,3.4883718294284334,Región Cuyo
642,2016,2,San Luis,3.501983369175627,Región Cuyo
643,2016,2,Santa Cruz,3.5021150276004565,Región Patagonia
644,2016,2,Santa Fe,5.1385985309185065,Región Centro
645,2016,2,Santiago Del Estero,4.309815179590645,Región NOA
646,2016,2,Tierra Del Fuego,3.478692463211772,Región Patagonia
647,2016,2,Tucumán,5.200979761760874,Región NOA
648,2016,1,Buenos Aires,4.9921684374839135,Región Buenos Aires
649,2016,1,Capital Federal,6.047403702811701,Región AMBA
650,2016,1,Catamarca,4.203588449295134,Región NOA
651,2016,1,Chaco,5.991472683208309,Región NEA
652,2016,1,Chubut,3.3796639330714164,Región Patagonia
653,2016,1,Córdoba,5.156801617049669,Región Centro
654,2016,1,Corrientes,5.37127911707625,Región NEA
655,2016,1,Entre Ríos,5.084574905605243,Región Centro
656,2016,1,Formosa,4.872333380420963,Región NEA
657,2016,1,Jujuy,3.7712213425983374,Región NOA
658,2016,1,La Pampa,3.0476420362792593,Región Patagonia
659,2016,1,La Rioja,4.616973938050446,Región Cuyo
660,2016,1,Mendoza,3.5028689229788785,Región Cuyo
661,2016,1,Misiones,6.000968717380309,Región NEA
662,2016,1,Neuquén,4.420493149015266,Región Patagonia
663,2016,1,Río Negro,3.826659196828916,Región Patagonia
664,2016,1,Salta,4.741858784571524,Región NOA
665,2016,1,San Juan,3.485523490760477,Región Cuyo
666,2016,1,San Luis,3.5029004392386534,Región Cuyo
667,2016,1,Santa Cruz,3.48315808971074,Región Patagonia
668,2016,1,Santa Fe,4.898136028952046,Región Centro
669,2016,1,Santiago Del Estero,4.174011564306923,Región NOA
670,2016,1,Tierra Del Fuego,3.475082632716791,Región Patagonia
671,2016,1,Tucumán,5.004036640679885,Región NOA
672,2015,4,Buenos Aires,4.884148905856541,Región Buenos Aires
673,2015,4,Capital Federal,5.927803522979041,Región AMBA
674,2015,4,Catamarca,4.124268369158702,Región NOA
675,2015,4,Chaco,5.828384180790961,Región NEA
676,2015,4,Chubut,3.283865031613298,Región Patagonia
677,2015,4,Córdoba,5.0670814932684065,Región Centro
678,2015,4,Corrientes,5.259482120492081,Región NEA
679,2015,4,Entre Ríos,5.007855905299356,Región Centro
680,2015,4,Formosa,4.660308568580684,Región NEA
681,2015,4,Jujuy,3.7246804758922987,Región NOA
682,2015,4,La Pampa,2.936747707229629,Región Patagonia
683,2015,4,La Rioja,4.521671863926294,Región Cuyo
684,2015,4,Mendoza,3.5017779300891023,Región Cuyo
685,2015,4,Misiones,5.9022914436487,Región NEA
686,2015,4,Neuquén,4.355592861552936,Región Patagonia
687,2015,4,Río Negro,3.768932299598505,Región Patagonia
688,2015,4,Salta,4.673467038141578,Región NOA
689,2015,4,San Juan,3.481604116955732,Región Cuyo
690,2015,4,San Luis,3.502937425860024,Región Cuyo
691,2015,4,Santa Cruz,3.4809679619106126,Región Patagonia
692,2015,4,Santa Fe,4.809873774553555,Región Centro
693,2015,4,Santiago Del Estero,4.0941016914507635,Región NOA
694,2015,4,Tierra Del Fuego,3.4748248642417257,Región Patagonia
695,2015,4,Tucumán,4.882297946330778,Región NOA
696,2015,3,Buenos Aires,4.700597914270459,Región Buenos Aires
697,2015,3,Capital Federal,5.66468043459464,Región AMBA
698,2015,3,Catamarca,3.884563872599747,Región NOA
699,2015,3,Chaco,5.46643296553986,Región NEA
700,2015,3,Chubut,3.2790384114749496,Región Patagonia
701,2015,3,Córdoba,4.867849001225086,Región Centro
702,2015,3,Corrientes,5.063473816782213,Región NEA
703,2015,3,Entre Ríos,4.766712366729086,Región Centro
704,2015,3,Formosa,4.166164102194515,Región NEA
705,2015,3,Jujuy,3.532724551201011,Región NOA
706,2015,3,La Pampa,2.9149322141427945,Región Patagonia
707,2015,3,La Rioja,4.245850575398008,Región Cuyo
708,2015,3,Mendoza,3.500160951021911,Región Cuyo
709,2015,3,Misiones,5.634289050903693,Región NEA
710,2015,3,Neuquén,4.2299439848957405,Región Patagonia
711,2015,3,Río Negro,3.7368314562024914,Región Patagonia
712,2015,3,Salta,4.4218314129775615,Región NOA
713,2015,3,San Juan,3.4810928203738825,Región Cuyo
714,2015,3,San Luis,3.5027538715982556,Región Cuyo
715,2015,3,Santa Cruz,3.4806877443585873,Región Patagonia
716,2015,3,Santa Fe,4.559895452402629,Región Centro
717,2015,3,Santiago Del Estero,3.911237321691457,Región NOA
718,2015,3,Tierra Del Fuego,3.4777210569327157,Región Patagonia
719,2015,3,Tucumán,4.572318667230303,Región NOA
720,2015,2,Buenos Aires,4.463495663548014,Región Buenos Aires
721,2015,2,Capital Federal,5.31214873823781,Región AMBA
722,2015,2,Catamarca,3.6825082950385544,Región NOA
723,2015,2,Chaco,5.194771414259476,Región NEA
724,2015,2,Chubut,3.2165716474851154,Región Patagonia
725,2015,2,Córdoba,4.557937666200854,Región Centro
726,2015,2,Corrientes,4.847197637993736,Región NEA
727,2015,2,Entre Ríos,4.55056996750087,Región Centro
728,2015,2,Formosa,3.7649156840276494,Región NEA
729,2015,2,Jujuy,3.4086788431460913,Región NOA
730,2015,2,La Pampa,2.8626566401062417,Región Patagonia
731,2015,2,La Rioja,4.001551396208129,Región Cuyo
732,2015,2,Mendoza,3.4997241088624933,Región Cuyo
733,2015,2,Misiones,5.327562649676923,Región NEA
734,2015,2,Neuquén,4.059617737533036,Región Patagonia
735,2015,2,Río Negro,3.666734448621427,Región Patagonia
736,2015,2,Salta,4.218121645686839,Región NOA
737,2015,2,San Juan,3.4789192890667078,Región Cuyo
738,2015,2,San Luis,3.5027709531013613,Región Cuyo
739,2015,2,Santa Cruz,3.47332349743749,Región Patagonia
740,2015,2,Santa Fe,4.303196181656382,Región Centro
741,2015,2,Santiago Del Estero,3.728811295360471,Región NOA
742,2015,2,Tierra Del Fuego,3.4775158762886598,Región Patagonia
743,2015,2,Tucumán,4.306812767469965,Región NOA
744,2015,1,Buenos Aires,4.323803709346771,Región Buenos Aires
745,2015,1,Capital Federal,4.999711683876372,Región AMBA
746,2015,1,Catamarca,3.483603660962992,Región NOA
747,2015,1,Chaco,4.899908797030372,Región NEA
748,2015,1,Chubut,3.2131565777597957,Región Patagonia
749,2015,1,Córdoba,4.304279282006848,Región Centro
750,2015,1,Corrientes,4.628190221393157,Región NEA
751,2015,1,Entre Ríos,4.3467465057866335,Región Centro
752,2015,1,Formosa,3.3811501123595504,Región NEA
753,2015,1,Jujuy,3.241902108598274,Región NOA
754,2015,1,La Pampa,2.8340995102178685,Región Patagonia
755,2015,1,La Rioja,3.7804021060364885,Región Cuyo
756,2015,1,Mendoza,3.499130670898351,Región Cuyo
757,2015,1,Misiones,4.973004251321198,Región NEA
758,2015,1,Neuquén,3.9114916381985845,Región Patagonia
759,2015,1,Río Negro,3.585297088257377,Región Patagonia
760,2015,1,Salta,4.022777936163619,Región NOA
761,2015,1,San Juan,3.4769891700932414,Región Cuyo
762,2015,1,San Luis,3.5009942704654264,Región Cuyo
763,2015,1,Santa Cruz,3.474217030667377,Región Patagonia
764,2015,1,Santa Fe,4.063283068408137,Región Centro
765,2015,1,Santiago Del Estero,3.571104125126239,Región NOA
766,2015,1,Tierra Del Fuego,3.4538780857514078,Región Patagonia
767,2015,1,Tucumán,4.071078040242438,Región NOA
768,2014,4,Buenos Aires,4.198943508236657,Región Buenos Aires
769,2014,4,Capital Federal,4.7817877112755625,Región AMBA
770,2014,4,Catamarca,3.336005334797788,Región NOA
771,2014,4,Chaco,3.977400363306085,Región NEA
772,2014,4,Chubut,3.1746491581312557,Región Patagonia
773,2014,4,Córdoba,4.092903062184572,Región Centro
774,2014,4,Corrientes,3.8061123116725004,Región NEA
775,2014,4,Entre Ríos,3.8000517871100685,Región Centro
776,2014,4,Formosa,3.023326617826618,Región NEA
777,2014,4,Jujuy,3.127642108190794,Región NOA
778,2014,4,La Pampa,2.754208730637699,Región Patagonia
779,2014,4,La Rioja,3.582023899524448,Región Cuyo
780,2014,4,Mendoza,3.498767768599914,Región Cuyo
781,2014,4,Misiones,4.025619961413459,Región NEA
782,2014,4,Neuquén,3.850772582597391,Región Patagonia
783,2014,4,Río Negro,3.543129254254254,Región Patagonia
784,2014,4,Salta,3.862259431502549,Región NOA
785,2014,4,San Juan,3.4752201692281126,Región Cuyo
786,2014,4,San Luis,3.503621206358865,Región Cuyo
787,2014,4,Santa Cruz,3.3330261837139634,Región Patagonia
788,2014,4,Santa Fe,3.780707860716513,Región Centro
789,2014,4,Santiago Del Estero,3.4582244726597287,Región NOA
790,2014,4,Tierra Del Fuego,3.4747244698924056,Región Patagonia
791,2014,4,Tucumán,3.8606123102449525,Región NOA
792,2014,3,Buenos Aires,3.969046991173242,Región Buenos Aires
793,2014,3,Capital Federal,4.437380943390075,Región AMBA
794,2014,3,Catamarca,2.915176175040519,Región NOA
795,2014,3,Chaco,3.461947812450996,Región NEA
796,2014,3,Chubut,3.165741790763976,Región Patagonia
797,2014,3,Córdoba,3.6600622495599104,Región Centro
798,2014,3,Corrientes,3.410927776641118,Región NEA
799,2014,3,Entre Ríos,3.3996079417526825,Región Centro
800,2014,3,Formosa,2.6562830152303833,Región NEA
801,2014,3,Jujuy,2.9307053902518616,Región NOA
802,2014,3,La Pampa,2.816519545748315,Región Patagonia
803,2014,3,La Rioja,3.095178784641488,Región Cuyo
804,2014,3,Mendoza,3.5028531768490665,Región Cuyo
805,2014,3,Misiones,3.5775238575714927,Región NEA
806,2014,3,Neuquén,3.7429104879160966,Región Patagonia
807,2014,3,Río Negro,3.4799791702900404,Región Patagonia
808,2014,3,Salta,3.4109103624880306,Región NOA
809,2014,3,San Juan,3.473725985590389,Región Cuyo
810,2014,3,San Luis,3.503113190184049,Región Cuyo
811,2014,3,Santa Cruz,3.3073222601557406,Región Patagonia
812,2014,3,Santa Fe,3.375592912249111,Región Centro
813,2014,3,Santiago Del Estero,3.0995465103889184,Región NOA
814,2014,3,Tierra Del Fuego,3.470981711419659,Región Patagonia
815,2014,3,Tucumán,3.349897526769352,Región NOA
816,2014,2,Buenos Aires,3.851862760043666,Región Buenos Aires
817,2014,2,Capital Federal,4.249991223638481,Región AMBA
818,2014,2,Catamarca,2.915358424826804,Región NOA
819,2014,2,Chaco,3.4206301023631998,Región NEA
820,2014,2,Chubut,3.1564052528575886,Región Patagonia
821,2014,2,Córdoba,3.5567859606832632,Región Centro
822,2014,2,Corrientes,3.3669705989802563,Región NEA
823,2014,2,Entre Ríos,3.312400309974538,Región Centro
824,2014,2,Formosa,2.6523512500000006,Región NEA
825,2014,2,Jujuy,2.7690316794782204,Región NOA
826,2014,2,La Pampa,2.684576055426866,Región Patagonia
827,2014,2,La Rioja,3.095153343388638,Región Cuyo
828,2014,2,Mendoza,3.503033182060705,Región Cuyo
829,2014,2,Misiones,3.540023885712756,Región NEA
830,2014,2,Neuquén,3.6647043380451545,Región Patagonia
831,2014,2,Río Negro,3.4286257504445143,Región Patagonia
832,2014,2,Salta,3.391137751108792,Región NOA
833,2014,2,San Juan,3.4724840645935795,Región Cuyo
834,2014,2,San Luis,3.5041044810417468,Región Cuyo
835,2014,2,Santa Cruz,3.3181516601634393,Región Patagonia
836,2014,2,Santa Fe,3.3116910410979234,Región Centro
837,2014,2,Santiago Del Estero,3.0697509211495944,Región NOA
838,2014,2,Tierra Del Fuego,3.470095986812908,Región Patagonia
839,2014,2,Tucumán,3.34994476711167,Región NOA
840,2014,1,Buenos Aires,3.7331327999829305,Región Buenos Aires
841,2014,1,Capital Federal,4.024081510870217,Región AMBA
842,2014,1,Catamarca,2.8027344007923407,Región NOA
843,2014,1,Chaco,3.2558373037444444,Región NEA
844,2014,1,Chubut,3.1759166751464583,Región Patagonia
845,2014,1,Córdoba,3.3874045815248133,Región Centro
846,2014,1,Corrientes,3.2186250823491607,Región NEA
847,2014,1,Entre Ríos,3.1672900899827185,Región Centro
848,2014,1,Formosa,2.5737292109196757,Región NEA
849,2014,1,Jujuy,2.690263349406857,Región NOA
850,2014,1,La Pampa,2.64721042446136,Región Patagonia
851,2014,1,La Rioja,2.964740372987079,Región Cuyo
852,2014,1,Mendoza,3.5026805565551156,Región Cuyo
853,2014,1,Misiones,3.403126267679909,Región NEA
854,2014,1,Neuquén,3.5493016508254125,Región Patagonia
855,2014,1,Río Negro,3.353796318189495,Región Patagonia
856,2014,1,Salta,3.3009019792545207,Región NOA
857,2014,1,San Juan,3.4691384597491712,Región Cuyo
858,2014,1,San Luis,3.5028153221310823,Región Cuyo
859,2014,1,Santa Cruz,3.315991479820628,Región Patagonia
860,2014,1,Santa Fe,3.1474068452786788,Región Centro
861,2014,1,Santiago Del Estero,2.9494717214992052,Región NOA
862,2014,1,Tierra Del Fuego,3.446887937323564,Región Patagonia
863,2014,1,Tucumán,3.208341823551126,Región NOA
